natural-nails-san-francisco|9:00am - 7:30pm|9:00am - 7:30pm|9:00am - 7:30pm|9:00am - 7:30pm|9:00am - 7:30pm|9:00am - 7:30pm|CLOSED
linda-ocean-nails-san-francisco|10:00am - 8:00pm|10:00am - 8:00pm|10:00am - 8:00pm|9:00am - 8:00pm|9:00am - 8:00pm|9:00am - 8:00pm|CLOSED
sugarcoat-san-francisco|10:00am - 7:30pm|10:00am - 7:30pm|10:00am - 7:30pm|10:00am - 7:30pm|10:00am - 7:30pm|10:00am - 7:30pm|10:00am - 7:00pm
pretty-parlor-san-francisco-4|11:00am - 7:30pm|11:00am - 6:30pm|12:00pm - 8:00pm|10:30am - 7:30pm|10:30am - 7:30pm|10:00am - 6:30pm|10:00am - 6:00pm
perfect-fingers-san-francisco-2|10:00am - 9:00pm|10:00am - 9:00pm|10:00am - 9:00pm|10:00am - 9:00pm|10:00am - 9:00pm|10:00am - 9:00pm|12:00am - 6:00pm
hand-job-san-francisco|11:00am - 8:00pm|11:00am - 8:00pm|11:00am - 8:00pm|11:00am - 8:00pm|10:00am - 8:00pm|10:00am - 8:00pm|11:00am - 7:00pm
recharge-medical-and-day-spa-san-francisco-3|10:00am - 6:00pm|10:00am - 6:00pm|10:00am - 6:00pm|10:00am - 6:00pm|10:00am - 6:00pm|10:00am - 6:00pm|10:00am - 6:00pm
ultimate-hair-and-face-figure-salon-san-francisco|10:00am - 6:30pm|10:00am - 6:30pm|10:00am - 6:30pm|10:00am - 6:30pm|10:00am - 6:30pm|10:00am - 6:30pm|10:00am - 5:00pm
d-salon-san-francisco|10:00am - 8:00pm|10:00am - 8:00pm|10:00am - 8:00pm|10:00am - 8:00pm|10:00am - 8:00pm|10:00am - 6:00pm|CLOSED
fairyland-spa-san-francisco-3|10:00am - 10:00pm|10:00am - 10:00pm|10:00am - 10:00pm|10:00am - 10:00pm|10:00am - 10:00pm|10:00am - 10:00pm|10:00am - 10:00pm
salon-belle-linda-san-francisco|10:00am - 7:00pm|10:00am - 7:00pm|10:00am - 7:00pm|10:00am - 7:00pm|10:00am - 7:00pm|10:00am - 7:00pm|10:00am - 7:00pm
sol-y-luna-spa-san-francisco|CLOSED|10:00am - 7:30pm|10:00am - 7:30pm|10:00am - 7:30pm|10:00am - 7:30pm|10:00am - 7:30pm|10:00am - 7:30pm
qua-the-spa-at-soma-grand-san-francisco-2|11:00am - 8:00pm|11:00am - 8:00pm|11:00am - 8:00pm|11:00am - 8:00pm|11:00am - 8:00pm|11:00am - 8:00pm|11:00am - 8:00pm
nail-chic-san-francisco-2|9:00am - 7:30pm|9:00am - 7:30pm|9:00am - 7:30pm|9:00am - 7:30pm|9:00am - 7:30pm|9:00am - 7:30pm|9:00am - 7:00pm
katies-nails-san-francisco|10:00am - 7:30pm|10:00am - 7:30pm|10:00am - 7:30pm|10:00am - 7:30pm|10:00am - 7:30pm|10:00am - 7:30pm|10:00am - 7:30pm
nails-2001-san-francisco|9:30am - 7:30pm|9:30am - 7:30pm|9:30am - 7:30pm|9:30am - 7:30pm|9:30am - 7:30pm|9:30am - 7:30pm|9:30am - 7:30pm
q-spa-san-francisco|11:00am - 7:30pm|11:00am - 7:30pm|11:00am - 7:30pm|11:00am - 7:30pm|11:00am - 7:30pm|10:00am - 7:30pm|10:00am - 6:00pm
la-fleur-2-san-francisco-2|10:00am - 7:30pm|10:00am - 7:30pm|10:00am - 7:30pm|10:00am - 7:30pm|10:00am - 7:30pm|10:00am - 7:30pm|10:00am - 7:30pm
angels-nails-san-francisco|9:00am - 7:30pm|9:00am - 7:30pm|9:00am - 7:30pm|9:00am - 7:30pm|9:00am - 7:30pm|9:00am - 7:30pm|10:00am - 7:30pm|
king-nails-san-francisco|9:30am - 7:00pm|9:30am - 7:00pm|9:30am - 7:00pm|9:30am - 7:00pm|9:30am - 7:00pm|9:30am - 7:00pm|CLOSED
dianes-nail-care-san-francisco-3|10:00am - 7:30pm|10:00am - 7:30pm|10:00am - 7:30pm|10:00am - 7:30pm|10:00am - 7:30pm|10:00am - 7:30pm|10:00am - 7:00pm
zaza-nail-spa-san-francisco|11:00am - 7:00pm|10:00am - 7:00pm|10:00am - 7:00pm|10:00am - 7:00pm|10:00am - 7:00pm|10:00am - 7:00pm|10:00am - 6:00pm
elegant-nails-salon-san-francisco|9:30am - 7:30pm|9:30am - 7:30pm|9:30am - 7:30pm|9:30am - 7:30pm|9:30am - 7:30pm|9:30am - 7:30pm|9:30am - 7:30pm
nancys-hair-and-nails-san-francisco|CLOSED|9:30am - 6:00pm|CLOSED|9:30am - 6:00pm|CLOSED|9:30am - 6:00pm|9:30am - 6:00pm
supreme-hair-cuts-san-francisco|10:00am - 6:00pm|CLOSED|10:00am - 6:00pm|10:00am - 6:00pm|10:00am - 6:00pm|10:00am - 6:00pm|10:00am - 5:00pm
daily-beauty-salon-and-spa-san-francisco|10:00am - 7:30pm|10:00am - 7:30pm|10:00am - 7:30pm|10:00am - 7:30pm|10:00am - 7:30pm|9:30am - 7:30pm|10:00am - 7:00pm
misas-nails-san-francisco|9:30am - 7:00pm|9:30am - 7:00pm|9:30am - 7:00pm|9:30am - 7:00pm|9:30am - 7:00pm|9:30am - 7:00pm|CLOSED
mani-pedi-spa-san-francisco-2|10:00am - 7:30pm|10:00am - 7:30pm|10:00am - 7:30pm|10:00am - 7:30pm|10:00am - 7:30pm|10:00am - 7:30pm|10:00am - 7:00pm
church-nails-san-francisco|9:00am - 7:30pm|9:00am - 7:30pm|9:00am - 7:30pm|9:00am - 7:30pm|9:00am - 7:30pm|9:00am - 7:30pm|10:00am - 7:30pm
golden-nails-san-francisco|10:00am - 7:00pm|10:00am - 7:00pm|10:00am - 7:00pm|10:00am - 7:00pm|10:00am - 7:00pm|10:00am - 7:00pm|10:00am - 7:00pm
tootsie-toes-san-francisco|11:00am - 7:00pm|10:00am - 7:00pm|10:00am - 7:00pm|10:00am - 7:00pm|10:00am - 7:00pm|10:00am - 6:00pm|CLOSED
the-new-nails-san-francisco-4|9:00am - 7:30pm|9:00am - 7:30pm|9:00am - 7:30pm|9:00am - 7:30pm|9:00am - 7:30pm|9:00am - 7:30pm|9:00am - 7:00pm
the-girls-lounge-san-francisco|CLOSED|11:00am - 7:30pm|11:00am - 7:30pm|11:00am - 7:30pm|11:00am - 7:30pm|11:00am - 7:30pm|11:00am - 7:30pm
natural-beauty-salon-san-francisco|9:30am - 7:00pm|9:30am - 7:00pm|9:30am - 7:00pm|9:30am - 7:00pm|9:30am - 7:00pm|9:30am - 6:00pm|9:30am - 6:00pm
city-beauty-salon-san-francisco|9:30am - 7:30pm|9:30am - 7:30pm|9:30am - 7:30pm|9:30am - 7:30pm|9:30am - 7:30pm|9:30am - 7:30pm|9:30am - 7:30pm
laurel-heights-nail-salon-san-francisco|9:30am - 7:30pm|9:30am - 7:30pm|9:30am - 7:30pm|9:30am - 7:30pm|9:30am - 7:30pm|9:30am - 7:30pm|9:30am - 7:30pm
lily-nail-care-san-francisco|9:30am - 7:00pm|9:30am - 7:00pm|9:30am - 7:00pm|9:30am - 7:00pm|9:30am - 7:00pm|9:30am - 7:00pm|9:30am - 6:00pm
bella-nails-san-francisco|9:30am - 7:30pm|9:30am - 7:30pm|9:30am - 7:30pm|9:30am - 7:30pm|9:30am - 7:30pm|9:30am - 7:30pm|10:00am - 7:00pm
franklin-beauty-salon-san-francisco|CLOSED|9:30am - 7:30pm|9:30am - 7:30pm|9:30am - 7:30pm|9:30am - 7:30pm|9:30am - 7:30pm|10:00am - 6:30pm
noe-valley-nails-san-francisco|9:00am - 7:30pm|9:00am - 7:30pm|9:00am - 7:30pm|9:00am - 7:30pm|9:00am - 7:30pm|9:00am - 7:00pm|10:00am - 7:00pm
ele-ela-nails-salon-san-francisco-2|10:00am - 7:30pm|10:00am - 7:30pm|10:00am - 7:30pm|10:00am - 7:30pm|10:00am - 7:30pm|10:00am - 7:30pm|10:00am - 6:00pm
she-she-nail-salon-san-francisco|9:00am - 7:00pm|9:00am - 7:00pm|9:00am - 7:00pm|9:00am - 7:00pm|9:00am - 7:00pm|9:00am - 7:00pm|9:00am - 7:00pm
post-street-hair-and-nail-care-san-francisco|10:00am - 5:00pm|10:00am - 5:00pm|10:00am - 5:00pm|CLOSED|10:00am - 5:00pm|10:00am - 5:00pm|CLOSED
citrine-salon-san-francisco|CLOSED|10:00am - 6:00pm|10:00am - 6:00pm|10:00am - 6:00pm|10:00am - 6:00pm|9:00am - 5:00pm|CLOSED
fabulous-nails-spa-san-francisco-2|10:00am - 7:00pm|10:00am - 7:00pm|10:00am - 7:00pm|10:00am - 7:00pm|10:00am - 7:00pm|10:00am - 7:00pm|10:00am - 6:30pm
new-age-nails-san-francisco-2|10:00am - 7:30pm|CLOSED|10:00am - 7:30pm|10:00am - 7:30pm|10:00am - 7:30pm|10:00am - 7:30pm|10:00am - 7:30pm
lily-beauty-salon-san-francisco|9:30pm - 7:30pm|9:30pm - 7:30pm|9:30pm - 7:30pm|9:30pm - 7:30pm|9:30pm - 7:30pm|9:30pm - 7:30pm|9:30pm - 7:30pm
empress-hair-and-nails-san-francisco|10:00am - 7:30pm|10:00am - 7:30pm|10:00am - 7:30pm|10:00am - 7:30pm|10:00am - 7:30pm|10:00am - 7:30pm|10:00am - 5:30pm
artistic-nail-care-san-francisco|9:30am - 7:00pm|9:30am - 7:00pm|9:30am - 7:00pm|9:30am - 7:00pm|9:30am - 7:00pm|9:30am - 7:00pm|10:00am - 7:00pm
finest-nails-san-francisco|10:00am - 7:00pm|10:00am - 7:00pm|10:00am - 7:00pm|10:00am - 7:00pm|10:00am - 7:00pm|10:00am - 7:00pm|CLOSED
lido-nails-san-francisco|10:00am - 7:00pm|10:00am - 7:00pm|10:00am - 7:00pm|10:00am - 7:00pm|10:00am - 7:00pm|10:00am - 7:00pm|CLOSED
west-coast-nails-and-facial-san-francisco|9:00am - 5:00pm|CLOSED|9:00am - 5:00pm|9:00am - 5:00pm|9:00am - 5:00pm|9:00am - 5:00pm|9:00am - 5:00pm
modern-nail-bar-san-francisco|10:00am - 8:00pm|9:00am - 8:00pm|10:00am - 8:00pm|10:00am - 8:00pm|10:00am - 8:00pm|9:00am - 8:00pm|9:00am - 8:00pm
the-i-spa-san-francisco|9:00am - 8:00pm|9:00am - 8:00pm|9:00am - 8:00pm|9:00am - 8:00pm|9:00am - 8:00pm|9:00am - 8:00pm|9:00am - 8:00pm
white-daisy-nail-spa-san-francisco|9:00am - 7:00pm|9:00am - 7:00pm|9:00am - 7:00pm|9:00am - 7:00pm|9:00am - 7:00pm|9:00am - 7:00pm|9:30am - 6:00pm
t-and-t-nails-san-francisco|10:00am - 7:00pm|10:00am - 7:00pm|10:00am - 7:00pm|10:00am - 7:00pm|10:00am - 7:00pm|10:00am - 7:00pm|CLOSED
kathys-nails-san-francisco|9:00am - 10:00pm|9:00am - 10:00pm|9:00am - 10:00pm|9:00am - 10:00pm|9:00am - 10:00pm|9:00am - 10:00pm|9:00am - 10:00pm|
thao-nail-studio-san-francisco|8:00am - 8:00pm|8:00am - 8:00pm|CLOSED|CLOSED|8:00am - 8:00pm|CLOSED|CLOSED
trio-nails-san-francisco|9:30am - 7:30pm|9:30am - 7:30pm|9:30am - 7:30pm|9:30am - 7:30pm|9:30am - 7:30pm|9:30am - 7:30pm|10:00am - 6:00pm
finishing-touch-nails-san-francisco|7:30am - 7:30pm|7:30am - 7:30pm|7:30am - 7:30pm|7:30am - 7:30pm|7:30am - 7:30pm|7:30am - 7:30pm|9:00am - 7:00pm
jolie-nails-san-francisco|9:00am - 7:30pm|9:00am - 7:30pm|9:00am - 7:30pm|9:00am - 7:30pm|9:00am - 7:30pm|9:00am - 7:30pm|9:30am - 7:00pm
nails-by-vera-san-francisco|CLOSED|11:00am - 6:00pm|11:00am - 6:00pm|11:00am - 6:00pm|11:00am - 6:00pm|11:00am - 6:00pm|CLOSED
belladonna-nail-salon-san-francisco|9:00am - 7:00pm|9:00am - 7:00pm|9:00am - 7:00pm|9:00am - 7:00pm|9:00am - 7:00pm|9:00am - 7:00pm|CLOSED
perfect-10-san-francisco|9:00am - 7:30pm|9:00am - 7:30pm|9:00am - 7:30pm|9:00am - 7:30pm|9:00am - 7:30pm|9:00am - 7:30pm|9:30am - 7:00pm
divisadero-nails-san-francisco|9:30am - 7:00pm|9:30am - 7:00pm|9:30am - 7:00pm|9:30am - 7:00pm|9:30am - 7:00pm|9:00am - 7:00pm|10:00am - 6:30pm
joys-hair-salon-san-francisco|9:00am - 6:30pm|9:00am - 6:30pm|9:00am - 6:30pm|9:00am - 6:30pm|9:00am - 6:30pm|9:00am - 6:30pm|9:00am - 6:30pm
just-bloom-san-francisco|9:30am - 7:00pm|CLOSED|9:30am - 7:00pm|9:30am - 7:00pm|9:30am - 7:00pm|9:30am - 7:00pm|10:00am - 6:00pm
crystal-nail-san-francisco|10:00am - 7:00pm|10:00am - 7:00pm|10:00am - 7:00pm|10:00am - 7:00pm|10:00am - 7:00pm|10:00am - 7:00pm|CLOSED
la-vie-nail-spa-san-francisco|10:00am - 8:00pm|10:00am - 8:00pm|10:00am - 8:00pm|10:00am - 8:00pm|10:00am - 8:00pm|10:00am - 8:00pm|10:00am - 7:00pm
l-and-t-salon-san-francisco|Unknown|Unknown|Unknown|Unknown|Unknown|Unknown|Unknown
lyn-s-nail-care-san-francisco|CLOSED|10:00am - 7:00pm|10:00am - 7:00pm|10:00am - 7:00pm|10:00am - 7:00pm|10:00am - 7:00pm|CLOSED
la-touched-salon-san-francisco|CLOSED|By Appointment|By Appointment|By Appointment|By Appointment|By Appointment|CLOSED
twenty-89-hair-design-san-francisco|10:00am - 7:00pm|10:00am - 7:00pm|10:00am - 7:00pm|10:00am - 7:00pm|10:00am - 7:00pm|10:00am - 7:00pm|CLOSED
natural-salon-san-francisco|9:00am - 8:00pm|9:00am - 8:00pm|9:00am - 8:00pm|9:00am - 8:00pm|9:00am - 8:00pm|9:00am - 8:00pm|10:00am - 7:00pm
salon-de-union-san-francisco-2|10:30am - 7:30pm|10:30am - 7:30pm|10:30am - 7:30pm|10:30am - 7:30pm|10:30am - 7:30pm|10:30am - 7:30pm|10:30am - 7:30pm
lakeshore-nails-san-francisco|9:30am - 8:00pm|9:30am - 8:00pm|9:30am - 8:00pm|9:30am - 8:00pm|9:30am - 8:00pm|9:30am - 8:00pm|9:30am - 8:00pm
w-l-salon-san-francisco|By Appointment|By Appointment|By Appointment|By Appointment|By Appointment|By Appointment|By Appointment
silk-nail-salon-san-francisco|9:00am - 7:00pm|9:00am - 7:00pm|9:00am - 7:00pm|9:00am - 7:00pm|9:00am - 7:00pm|9:00am - 7:00pm|10:00am - 6:00pm
artistic-nails-and-spa-san-francisco|9:30am - 7:30pm|9:30am - 7:30pm|9:30am - 7:30pm|9:30am - 7:30pm|9:30am - 7:30pm|9:30am - 7:30pm|10:00am - 7:00pm
lavande-nail-spa-san-francisco|10:00am - 7:00pm|10:00am - 7:00pm|10:00am - 7:00pm|10:00am - 7:00pm|10:00am - 7:00pm|10:00am - 7:00pm|10:00am - 6:00pm
san-francisco-nail-san-francisco|10:30am - 7:00pm|10:30am - 7:00pm|10:30am - 7:00pm|10:30am - 7:00pm|10:30am - 7:00pm|10:30am - 7:00pm|CLOSED
the-cutting-edge-salon-san-francisco|CLOSED|10:00am - 6:00pm|10:00am - 6:00pm|10:00am - 6:00pm|10:00am - 6:00pm|9:00am - 4:00pm|CLOSED
shear-image-salon-san-francisco|9:30am - 7:00pm|9:30am - 7:00pm|11:00am - 7:00pm|9:30am - 7:00pm|9:30am - 7:00pm|9:30am - 7:00pm|CLOSED
sunshine-nails-san-francisco|10:00am - 7:30pm|10:00am - 7:30pm|10:00am - 7:30pm|10:00am - 7:30pm|10:00am - 7:30pm|10:00am - 7:30pm|10:00am - 6:30pm
shuas-nails-san-francisco|By Appointment|By Appointment|By Appointment|By Appointment|By Appointment|By Appointment|By Appointment
episode-salon-and-spa-san-francisco|CLOSED|10:00am - 7:00pm|10:00am - 7:00pm|10:00am - 7:00pm|10:00am - 7:00pm|9:30am - 7:00pm|9:30am - 7:00pm
vasos-hair-design-at-west-portal-san-francisco|CLOSED|9:00am - 7:00pm|9:00am - 7:00pm|9:00am - 7:00pm|9:00am - 7:00pm|9:00am - 7:00pm|CLOSED
town-and-country-beauty-salon-san-francisco|CLOSED|9:00am - 7:00pm|9:00am - 7:00pm|9:00am - 7:00pm|9:00am - 7:00pm|9:00am - 7:00pm|CLOSED
new-french-nails-san-francisco-2|9:30am - 7:00pm|9:30am - 7:00pm|9:30am - 7:00pm|9:30am - 7:00pm|9:30am - 7:00pm|9:30am - 7:00pm|10:00am - 6:00pm
good-nails-san-francisco|By Appointment|By Appointment|By Appointment|By Appointment|By Appointment|By Appointment|By Appointment
accent-on-beauty-san-francisco|9:30am - 6:30pm|9:30am - 6:30pm|9:30am - 6:30pm|9:30am - 6:30pm|9:30am - 6:30pm|9:30am - 6:30pm|CLOSED
new-beauty-san-francisco-2|10:00am - 6:00pm|10:00am - 6:00pm|10:00am - 6:00pm|10:00am - 6:00pm|10:00am - 6:00pm|10:00am - 6:00pm|CLOSED
annies-deluxe-home-nail-care-san-francisco|CLOSED|9:00am - 8:00pm|9:00am - 8:00pm|9:00am - 1:00pm|CLOSED|9:00am - 1:00pm|11:00am - 5:00pm
gloss-n-glam-san-francisco|10:00am - 7:00pm|10:00am - 7:00pm|10:00am - 7:00pm|10:00am - 7:00pm|10:00am - 7:00pm|10:00am - 7:00pm|10:00am - 7:00pm
amazing-nails-san-francisco-3|9:30am - 7:00pm|9:30am - 7:00pm|9:30am - 7:00pm|9:30am - 7:00pm|9:30am - 7:00pm|9:30am - 7:00pm|9:30am - 7:00pm
xpresspa-san-francisco|7:00am - 10:00pm|7:00am - 10:00pm|7:00am - 10:00pm|7:00am - 10:00pm|7:00am - 10:00pm|7:00am - 10:00pm|7:00am - 10:00pm
cherish-san-francisco-2|10:00am - 7:30pm|10:00am - 7:30pm|10:00am - 7:30pm|10:00am - 7:30pm|10:00am - 7:30pm|10:00am - 7:30pm|10:00am - 7:30pm
sunrise-nail-and-facial-san-francisco|9:30am - 7:30pm|9:30am - 7:30pm|9:30am - 7:30pm|9:30am - 7:30pm|9:30am - 7:30pm|10:00am - 7:00pm|10:00am - 7:00pm
atelier-emmanuel-salon-and-day-spa-san-francisco|9:00am - 6:00pm|9:00am - 8:00pm|9:00am - 8:00pm|9:00am - 8:00pm|9:00am - 8:00pm|9:00am - 7:00pm|11:00am - 5:00pm
angels-nail-salon-san-francisco|9:30am - 7:30pm|9:30am - 7:30pm|9:30am - 7:30pm|9:30am - 7:30pm|9:30am - 7:30pm|9:30am - 7:30pm|CLOSED
nails-by-jenny-san-francisco|9:30am - 7:00pm|9:30am - 7:00pm|9:30am - 7:00pm|9:30am - 7:00pm|9:30am - 7:00pm|9:30am - 7:00pm|CLOSED
creative-nails-san-francisco|9:00am - 7:30pm|9:00am - 7:30pm|9:00am - 7:30pm|9:00am - 7:30pm|9:00am - 7:30pm|9:00am - 7:30pm|9:00am - 7:00pm
fingertips-nail-salon-san-francisco|9:30am - 7:30pm|9:30am - 7:30pm|9:30am - 7:30pm|9:30am - 7:30pm|9:30am - 7:30pm|9:30am - 7:30pm|CLOSED
jennys-beauty-world-san-francisco|10:00am - 9:30pm|10:00am - 9:30pm|10:00am - 9:30pm|10:00am - 9:30pm|10:00am - 9:30pm|10:00am - 9:30pm|10:00am - 9:30pm
joy-joy-nail-san-francisco|9:30am - 7:30pm|9:30am - 7:30pm|9:30am - 7:30pm|9:30am - 7:30pm|9:30am - 7:30pm|9:30am - 7:30pm|10:00am - 7:00pm
lombard-nail-spa-san-francisco-3|10:00am - 7:30pm|10:00am - 7:30pm|10:00am - 7:30pm|10:00am - 7:30pm|10:00am - 7:30pm|10:00am - 7:30pm|10:00am - 7:30pm
le-trend-nail-salon-san-francisco|9:30am - 7:00pm|9:30am - 7:00pm|9:30am - 7:00pm|9:30am - 7:00pm|9:30am - 7:00pm|9:30am - 7:00pm|10:30am - 6:30pm
spa-nordstrom-san-francisco|11:00am - 7:00pm|10:00am - 8:00pm|10:00am - 8:00pm|10:00am - 8:00pm|10:00am - 8:00pm|10:00am - 8:00pm|10:00am - 8:00pm
germaine-nail-san-francisco|9:00am - 7:00pm|9:00am - 7:00pm|9:00am - 7:00pm|9:00am - 7:00pm|9:00am - 7:00pm|9:00am - 7:00pm|CLOSED
dynasty-nail-san-francisco|9:30am - 7:30pm|9:30am - 7:30pm|9:30am - 7:30pm|9:30am - 7:30pm|9:30am - 7:30pm|9:30am - 7:30pm|CLOSED
lilypad-spa-san-francisco|10:30am - 8:00pm|10:30am - 8:00pm|10:30am - 8:00pm|10:30am - 8:00pm|9:30am - 7:30pm|9:30am - 7:30pm|10:00am - 7:00pm
perfection-nails-spa-san-francisco|10:00am - 7:30pm|10:00am - 7:30pm|10:00am - 7:30pm|10:00am - 7:30pm|10:00am - 7:30pm|10:00am - 7:30pm|10:00am - 7:30pm
bella-tu-san-francisco|CLOSED|10:00am - 7:00pm|10:00am - 7:00pm|10:00am - 7:00pm|10:00am - 7:00pm|10:00am - 7:00pm|CLOSED
charmante-san-francisco|10:00am - 7:00pm|10:00am - 7:00pm|10:00am - 7:00pm|10:00am - 7:00pm|10:00am - 7:00pm|10:00am - 7:00pm|CLOSED
fancy-fingers-and-facials-san-francisco|10:00am - 7:30pm|10:00am - 7:30pm|10:00am - 7:30pm|10:00am - 7:30pm|10:00am - 7:30pm|10:00am - 7:30pm|CLOSED
west-portal-spa-san-francisco|9:00am - 7:00pm|9:00am - 7:00pm|9:00am - 7:00pm|9:00am - 7:00pm|9:00am - 7:00pm|9:00am - 7:00pm|9:30am - 6:00pm
glow-hand-and-foot-spa-san-francisco|10:00am - 8:00pm|10:00am - 8:00pm|10:00am - 8:00pm|10:00am - 8:00pm|10:00am - 8:00pm|10:00am - 8:00pm|10:00am - 7:00pm
snap-nails-san-francisco|10:00am - 8:00pm|10:00am - 8:00pm|10:00am - 8:00pm|10:00am - 8:00pm|10:00am - 8:00pm|10:00am - 7:00pm|11:00am - 6:30pm
sanctuary-spa-at-bay-club-of-san-francisco-san-francisco|9:00am - 8:00pm|9:00am - 8:00pm|9:00am - 8:00pm|9:00am - 8:00pm|9:00am - 8:00pm|9:00am - 7:00pm|9:00am - 7:00pm
cinta-salon-san-francisco|8:30am - 6:00pm|8:30am - 7:00pm|8:30am - 8:00pm|8:30am - 8:00pm|8:30am - 7:00pm|8:30am - 6:00pm|CLOSED
mini-nails-san-francisco|9:00am - 7:00pm|9:00am - 7:00pm|9:00am - 7:00pm|9:00am - 7:00pm|9:00am - 7:00pm|9:00am - 7:00pm|9:00am - 7:00pm
nails-n-perfect-san-francisco-2|9:00am - 7:30pm|9:00am - 7:30pm|9:00am - 7:30pm|9:00am - 7:30pm|9:00am - 7:30pm|9:00am - 7:30pm|CLOSED
orchid-nail-salon-san-francisco|10:00am - 7:00pm|10:00am - 7:00pm|10:00am - 7:00pm|10:00am - 7:00pm|10:00am - 7:00pm|10:00am - 7:00pm|12:00pm - 6:00pm
valencia-nail-san-francisco|10:00am - 7:00pm|10:00am - 7:00pm|10:00am - 7:00pm|10:00am - 7:00pm|10:00am - 7:00pm|10:00am - 6:00pm|CLOSED
pacific-nails-san-francisco|9:30am - 7:30pm|9:30am - 7:30pm|9:30am - 7:30pm|9:30am - 7:30pm|9:30am - 7:30pm|9:30am - 7:30pm|10:00am - 7:00pm
taraval-nails-san-francisco-2|9:30am - 7:30pm|12:00pm - 7:00pm|9:30am - 7:30pm|9:30am - 7:30pm|9:00 - 7:30pm|9:00am - 7:30pm|9:00 - 6:00pm
joseph-cozza-salon-san-francisco|9:00am - 5:00pm|9:00am - 7:00pm|9:00am - 7:00pm|9:00am - 7:00pm|9:00am - 7:00pm|9:00am - 6:00pm|CLOSED
kiaras-beauty-salon-san-francisco|9:00am - 7:00pm|9:00am - 7:00pm|9:00am - 7:00pm|9:00am - 7:00pm|9:00am - 7:00pm|9:00am - 7:00pm|CLOSED
mary-anne-nails-and-hair-r-us-san-francisco|CLOSED|10:00am - 7:30pm|10:00am - 7:30pm|10:00am - 7:30pm|10:00am - 7:30pm|10:00am - 7:30pm|10:00am - 7:30pm
vanity-beauty-lounge-san-francisco|11:00am - 7:00pm|11:00am - 7:00pm|11:00am - 7:00pm|11:00am - 7:00pm|11:00am - 7:00pm|CLOSED|CLOSED
pure-envy-spa-bar-san-francisco|11:00am - 7:00pm|11:00am - 7:00pm|11:00am - 7:00pm|11:00am - 7:00pm|11:00am - 7:00pm|10:00am - 7:00pm|CLOSED
citi-beauty-skincare-san-francisco|9:30am - 7:00pm|9:30am - 7:00pm|9:30am - 7:00pm|9:30am - 7:00pm|9:30am - 7:00pm|9:30am - 7:00pm|By Appointment
kt-nails-san-francisco-3|9:30am - 7:30pm|9:30am - 7:30pm|9:30am - 7:30pm|9:30am - 7:30pm|9:30am - 7:30pm|9:30am - 7:30pm|9:30am - 7:30pm
nail-art-house-san-francisco-2|CLOSED|CLOSED|9:30am - 7:00pm|9:30am - 7:00pm|9:30am - 7:00pm|10:00am - 7:00pm|CLOSED
veer-and-wander-san-francisco|CLOSED|10:00am - 7:00pm|10:00am - 7:00pm|10:00am - 7:00pm|10:00am - 7:00pm|9:00am - 6:00pm|CLOSED
wild-orchid-nails-and-spa-san-francisco|CLOSED|CLOSED|11:00am - 7:00pm|11:00am - 7:00pm|11:00am - 7:00pm|11:00am - 7:00pm|CLOSED
flying-beauticians-san-francisco|9:00am - 9:00pm|9:00am - 9:00pm|9:00am - 9:00pm|9:00am - 9:00pm|9:00am - 9:00pm|9:00am - 6:00pm|CLOSED
descend-salon-san-francisco|CLOSED|10:00am - 7:30pm|10:00am - 7:30pm|10:00am - 7:30pm|10:00am - 7:30pm|10:00am - 6:30pm|CLOSED
nails-by-linda-san-francisco|9:30am - 7:30pm|CLOSED|9:30am - 7:30pm|9:30am - 7:30pm|9:30am - 7:30pm|9:30am - 7:30pm|10:00am - 6:00pm
tinas-nails-san-francisco|10:00am - 7:30pm|10:00am - 7:30pm|10:00am - 7:30pm|10:00am - 7:30pm|10:00am - 7:30pm|10:00am - 7:30pm|10:00am - 6:00pm
happy-nails-san-francisco|9:30am - 7:00pm|9:30am - 7:00pm|9:30am - 7:00pm|9:30am - 7:00pm|9:30am - 7:00pm|9:30am - 7:00pm|9:30am - 7:30pm
my-nails-san-francisco|9:30am - 7:30pm|9:30am - 7:30pm|9:30am - 7:30pm|9:30am - 7:30pm|9:30am - 7:30pm|9:30am - 7:30pm|CLOSED
a-t-beauty-spa-san-francisco|9:30am - 7:30pm|9:30am - 7:30pm|9:30am - 7:30pm|9:30am - 7:30pm|9:30am - 7:30pm|9:00am - 7:30pm|10:00am - 6:30pm
chic-nails-salon-san-francisco|9:00am - 7:00pm|9:00am - 7:00pm|9:00am - 7:00pm|9:00am - 7:00pm|9:00am - 7:00pm|9:00am - 7:00pm|9:00am - 6:30pm
high-touch-nail-and-salon-san-francisco|9:30am - 7:30pm|9:30am - 7:30pm|9:30am - 7:30pm|9:30am - 7:30pm|9:30am - 7:30pm|9:30am - 7:30pm|10:00am - 7:00pm
san-bruno-nails-san-francisco|9:00am - 7:30pm|9:00am - 7:30pm|9:00am - 7:30pm|9:00am - 7:30pm|9:00am - 7:30pm|9:00am - 7:30pm|10:00am - 7:30pm
la-fleur-hair-and-nail-spa-san-francisco|10:00am - 7:00pm|10:00am - 7:00pm|10:00am - 7:00pm|10:00am - 7:00pm|10:00am - 7:00pm|10:00am - 7:00pm|10:00am - 7:00pm
aqua-spa-san-francisco|CLOSED|10:00am - 8:00pm|10:00am - 8:00pm|10:00am - 8:00pm|10:00am - 8:00pm|10:00am - 8:00pm|10:00am - 7:00pm
paradise-nail-spa-san-francisco|9:30am - 7:30pm|9:30am - 7:30pm|9:30am - 7:30pm|9:30am - 7:30pm|9:30am - 7:30pm|9:30am - 7:30pm|10:00am - 7:30pm
yellow-orchid-nails-spa-san-francisco-2|9:00am - 9:00pm|9:00am - 9:00pm|9:00am - 9:00pm|9:00am - 9:00pm|9:00am - 9:00pm|9:00am - 9:00pm|9:00am - 9:00pm
rumours-hair-and-nail-salon-san-francisco|9:00am - 5:00pm|9:00am - 5:00pm|9:00am - 5:00pm|9:00am - 5:00pm|9:00am - 5:00pm|CLOSED|CLOSED
sassi-beauty-salon-san-francisco|CLOSED|10:00am - 7:00pm|10:00am - 7:00pm|10:00am - 7:00pm|10:00am - 7:00pm|10:00am - 7:00pm|10:00am - 6:00pm
quince-spa-san-francisco|10:00am - 7:30pm|10:00am - 7:30pm|10:00am - 7:30pm|10:00am - 7:30pm|10:00am - 7:30pm|10:00am - 7:00pm|10:00am - 7:00pm
victorias-nail-studio-san-francisco|12:00pm - 7:00pm|12:00pm - 7:00pm|12:00pm - 7:00pm|12:00pm - 7:00pm|12:00pm - 7:00pm|10:00pm - 7:00pm|CLOSED
bijou-nail-salon-san-francisco|CLOSED|10:00am - 7:00pm|10:00am - 7:00pm|10:00am - 7:00pm|10:00am - 7:00pm|10:00am - 7:00pm|11:00am - 7:00pm
bamboo-san-francisco|10:30am - 7:00pm|CLOSED|10:30am - 7:00pm|10:30am - 7:00pm|10:30am - 7:00pm|10:00am - 6:00pm|10:00am - 6:00pm
beauty-company-san-francisco|10:00am - 8:00pm|10:00am - 8:00pm|10:00am - 8:00pm|10:00am - 8:00pm|10:00am - 8:00pm|10:00am - 7:00pm|10:00am - 6:00pm
san-francisco-institute-of-esthetics-and-cosmetology-san-francisco|CLOSED|9:00am - 4:30pm|9:00am - 4:30pm|9:00am - 4:30pm|6:00pm - 9:00pm|9:00am - 9:00pm|9:30am - 5:00pm|CLOSED
zen-day-spa-san-francisco|11:00am - 8:00pm|CLOSED|11:00am - 8:00pm|11:00am - 8:00pm|10:00am - 8:00pm|10:00am - 8:00pm|10:00am - 7:00pm
lombard-heights-nail-salon-san-francisco|10:00am - 7:00pm|10:00am - 7:00pm|10:00am - 7:00pm|10:00am - 7:00pm|10:00am - 7:00pm|10:00am - 7:00pm|10:00am - 6:30pm
love-cheni-the-beauty-boutique-san-francisco|10:00am - 7:00pm|CLOSED|10:00am - 7:00pm|10:00am - 7:00pm|10:00am - 7:00pm|10:00am - 7:00pm|10:00am - 7:00pm
bliss-spa-san-francisco-5|10:00am - 8:00pm|10:00am - 8:00pm|10:00am - 8:00pm|10:00am - 8:00pm|9:00am - 9:00pm|9:00am - 9:00pm|9:00am - 9:00pm
market-nail-spa-san-francisco|10:00am - 7:00pm|10:00am - 7:00pm|10:00am - 7:00pm|10:00am - 7:00pm|10:00am - 7:00pm|10:00am - 7:00pm|10:00am - 7:00pm
parlor-san-francisco-3|CLOSED|11:00am - 7:00pm|11:00am - 7:00pm|10:00am - 7:00pm|10:00am - 7:00pm|10:00am - 7:00pm|11:00am - 5:00pm
mademoiselle-nails-san-francisco|10:00am - 7:30pm|10:00am - 7:30pm|10:00am - 7:30pm|10:00am - 7:30pm|10:00am - 7:30pm|10:00am - 7:30pm|CLOSED
two-sisters-san-francisco|9:00am -7:00pm|9:00am -7:00pm|9:00am -7:00pm|9:00am -7:00pm|9:00am -7:00pm|9:00am -7:00pm|9:00am -7:00pm
simply-nails-san-francisco|10:00am - 7:00pm|10:00am - 7:00pm|10:00am - 7:00pm|10:00am - 7:00pm|10:00am - 7:00pm|10:00am - 7:00pm|CLOSED
beauty-for-you-san-francisco|10:00am - 7:30pm|10:00am - 7:30pm|10:00am - 7:30pm|10:00am - 7:30pm|10:00am - 7:30pm|10:00am - 7:30pm|CLOSED
zenbi-nails-san-francisco|10:00am - 7:30pm|10:00am - 7:30pm|10:00am - 7:30pm|10:00am - 7:30pm|10:00am - 7:30pm|10:00am - 7:30pm|10:00am - 6:30pm
people-hair-and-nail-spa-san-francisco|10:00am - 8:00pm|10:00am - 8:00pm|10:00am - 8:00pm|10:00am - 8:00pm|10:00am - 8:00pm|10:00am - 8:00pm|10:00am - 7:00pm
head-to-toes-san-francisco|Unknown|Unknown|Unknown|Unknown|Unknown|Unknown|Unknown
mais-beauty-salon-san-francisco|Unknown|Unknown|Unknown|Unknown|Unknown|Unknown|Unknown
color-nails-and-skincare-san-francisco|Unknown|Unknown|Unknown|Unknown|Unknown|Unknown|Unknown
nova-nail-spa-san-francisco|10:00am - 7:30pm|10:00am - 7:30pm|10:00am - 7:30pm|10:00am - 7:30pm|10:00am - 8:00pm|10:00am - 8:00pm|10:00am - 7:00pm
kims-pro-nails-san-francisco|9:30am - 7:00pm|9:30am - 7:00pm|9:30am - 7:00pm|9:30am - 7:00pm|9:30am - 7:00pm|9:30am - 7:00pm|10:00am - 6:00pm
portola-nail-bar-san-francisco|9:00am - 7:00pm|9:00am - 7:00pm|9:00am - 7:00pm|9:00am - 7:00pm|9:00am - 7:00pm|9:00am - 7:00pm|10:00am - 6:00pm
kittys-nails-san-francisco|10:00am - 7:00pm|10:00am - 7:00pm|10:00am - 7:00pm|10:00am - 7:00pm|10:00am - 7:00pm|10:00am - 7:00pm|10:00am - 7:00pm
tiptoes-union-square-san-francisco|CLOSED|10:00am - 7:00pm|10:00am - 7:00pm|10:00am - 7:00pm|10:00am - 7:00pm|10:00am - 7:00pm|CLOSED
presidio-heights-salon-san-francisco|9:30am - 7:00pm|9:30am - 7:00pm|9:30am - 7:00pm|9:30am - 7:00pm|9:30am - 7:00pm|9:30am - 7:00pm|9:30am - 7:00pm
akua-nail-salon-san-francisco-2|10:00am - 8:00pm|10:00am - 8:00pm|10:00am - 8:00pm|10:00am - 8:00pm|10:00am - 8:00pm|10:00am - 8:00pm|10:00am - 6:00pm
high-class-nails-san-francisco|9:30am - 7:30pm|9:30am - 7:30pm|9:30am - 7:30pm|9:30am - 7:30pm|9:30am - 7:30pm|9:00am - 7:30pm|9:00am - 7:30pm
burke-williams-day-spa-san-francisco-2|9:00am - 10:00pm|9:00am - 10:00pm|9:00am - 10:00pm|9:00am - 10:00pm|8:00am - 10:00pm|8:00am - 10:00pm|9:00am - 10:00pm
americut-mays-nail-spa-san-francisco|Unknown|Unknown|Unknown|Unknown|Unknown|Unknown|Unknown
the-final-touch-2-san-francisco-2|9:00am - 7:00pm|9:00am - 7:00pm|9:00am - 7:00pm|9:00am - 7:00pm|9:00am - 7:00pm|9:00am - 7:00pm|CLOSED
west-coast-beauty-nails-san-francisco|9:00am - 5:00pm|CLOSED|9:00am - 5:00pm|9:00am - 5:00pm|9:00am - 5:00pm|9:00am - 5:00pm|9:00am - 5:00pm
doans-nails-san-francisco|10:00am - 7:00pm|10:00am - 7:00pm|10:00am - 7:00pm|10:00am - 7:00pm|10:00am - 7:00pm|10:00am - 7:00pm|CLOSED
a-t-beauty-salon-san-francisco|Unknown|Unknown|Unknown|Unknown|Unknown|Unknown|Unknown
citi-beauty-skin-care-san-francisco|Unknown|Unknown|Unknown|Unknown|Unknown|Unknown|Unknown
7-nail-spa-san-francisco-2|9:30am - 7:30pm|9:30am - 7:30pm|9:30am - 7:30pm|9:30am - 7:30pm|9:30am - 7:30pm|9:30am - 7:30pm|10:00am - 6:00pm
salon-mark-carlos-san-francisco|CLOSED|10:00am - 6:00pm|10:00am - 6:00pm|10:00am - 7:00pm|10:00am - 6:00pm|10:00am - 5:00pm|CLOSED
new-look-beauty-center-san-francisco-2|9:30am - 7:30pm|9:30am - 7:30pm|9:30am - 7:30pm|9:30am - 7:30pm|9:30am - 7:30pm|9:30am - 7:30pm|10:00am - 7:00pm
betty-beauty-care-san-francisco|10:00am - 7:00pm|10:00am - 7:00pm|10:00am - 7:00pm|10:00am - 7:00pm|10:00am - 7:00pm|10:00am - 7:00pm|CLOSED
lumina-european-nail-salon-san-francisco|9:00am - 6:00pm|9:00am - 6:00pm|9:00am - 6:00pm|9:00am - 6:00pm|9:00am - 6:00pm|9:00am - 6:00pm|CLOSED
phuong-nail-station-san-francisco|CLOSED|11:00am - 7:00pm|11:00am - 7:00pm|11:00am - 7:00pm|11:00am - 7:00pm|11:00am - 7:00pm|CLOSED
tnails-san-francisco|10:00am - 7:00pm|10:00am - 7:00pm|10:00am - 7:00pm|10:00am - 9:00pm|10:00am - 9:00pm|9:00am - 5:00pm|CLOSED
nails-by-lisa-san-francisco|9:00am - 8:00pm|9:00am - 8:00pm|9:00am - 8:00pm|9:00am - 8:00pm|9:00am - 8:00pm|9:00am - 8:00pm|CLOSED
unique-design-nails-san-francisco|10:00am - 7:00pm|10:00am - 7:00pm|10:00am - 7:00pm|10:00am - 7:00pm|10:00am - 7:00pm|10:00am - 7:00pm|CLOSED
zaya-nail-spa-san-francisco|9:30am - 7:00pm|9:30am - 7:00pm|9:30am - 7:00pm|9:30am - 7:00pm|9:30am - 7:00pm|9:30am - 7:00pm|10:30am - 7:00pm
pearly-nails-san-francisco-2|10:00am - 7:00pm|CLOSED|10:00am - 7:00pm|10:00am - 7:00pm|10:00am - 7:00pm|10:00am - 7:00pm|10:00am - 7:00pm
gelous-nails-san-francisco|9:30am - 7:00pm|9:30am - 7:00pm|9:30am - 7:00pm|9:30am - 7:00pm|9:30am - 7:00pm|9:30am - 7:00pm|10:00am - 7:00pm
ab-beauty-salon-san-francisco|9:30am - 7:00pm|9:30am - 7:00pm|9:30am - 7:00pm|9:30am - 7:00pm|9:30am - 7:00pm|9:30am - 7:00pm|CLOSED
jolie-nail-spa-san-francisco|9:30am - 7:30pm|9:30am - 7:30pm|9:30am - 7:30pm|9:30am - 7:30pm|9:30am - 7:30pm|9:30am - 7:30pm|9:30am - 7:30pm
glamour-beauty-salon-san-francisco|10:00am - 7:00pm|10:00am - 7:00pm|10:00am - 7:00pm|10:00am - 7:00pm|10:00am - 7:00pm|10:00am - 7:00pm|CLOSED
utoepia-foot-massage-and-nail-san-francisco|10:00am - 10:00pm|10:00am - 10:00pm|10:00am - 10:00pm|10:00am - 10:00pm|10:00am - 10:00pm|10:00am - 10:00pm|10:00am - 10:00pm
7-nails-san-francisco-2|9:30am - 7:00pm|9:30am - 7:00pm|9:30am - 7:00pm|9:30am - 7:00pm|9:30am - 7:00pm|9:30am - 7:00pm|10:00am - 6:00pm
glen-park-nails-san-francisco|9:30am - 7:00pm|9:30am - 7:00pm|9:30am - 7:00pm|9:30am - 7:00pm|9:30am - 7:00pm|9:30am - 7:00pm|9:30am - 7:00pm
spa-natural-san-francisco|Unknown|Unknown|Unknown|Unknown|Unknown|Unknown|Unknown
rosy-heels-san-francisco|9:30am - 7:00pm|9:30am - 7:00pm|9:30am - 7:00pm|9:30am - 7:00pm|9:30am - 7:00pm|9:30am - 7:00pm|CLOSED
lucys-pro-nails-san-francisco|Unknown|Unknown|Unknown|Unknown|Unknown|Unknown|Unknown
sen-beauty-spa-san-francisco|9:30am - 7:00pm|9:30am - 7:00pm|9:30am - 7:00pm|9:30am - 7:00pm|9:30am - 7:00pm|9:30am - 7:00pm|9:30am - 7:00pm
pampered-nails-by-tammy-san-francisco|10:00am - 6:30pm|10:00am - 6:30pm|10:00am - 6:30pm|10:00am - 6:30pm|10:00am - 6:30pm|10:00am - 6:30pm|CLOSED
little-saigon-hair-and-nails-salon-san-francisco|Unknown|Unknown|Unknown|Unknown|Unknown|Unknown|Unknown
kim-etc-nail-care-san-francisco|9:00am - 7:00pm|9:00am - 7:00pm|9:00am - 7:00pm|9:00am - 7:00pm|9:00am - 7:00pm|9:00am - 7:00pm|9:00am - 7:00pm
city-famous-spa-san-francisco|9:30am - 7:30pm|9:30am - 7:30pm|9:30am - 7:30pm|9:30am - 7:30pm|9:30am - 7:30pm|9:30am - 7:30pm|CLOSED
nail-care-by-theresa-san-francisco|9:00am - 5:00pm|9:00am - 5:00pm|9:00am - 5:00pm|9:00am - 5:00pm|9:00am - 5:00pm|9:00am - 2:00pm|9:00am - 5:00pm
generation-nails-san-francisco|9:30am - 7:00pm|9:30am - 7:00pm|9:30am - 7:00pm|9:30am - 7:00pm|9:30am - 7:00pm|9:30am - 7:00pm|10:00am - 6:00pm
the-pampered-girl-san-francisco-2|10:00am - 7:00pm|10:00am - 7:00pm|10:00am - 7:00pm|10:00am - 7:00pm|10:00am - 7:00pm|10:00am - 7:30pm|10:00am - 6:30pm
ciao-bella-nails-san-francisco|9:30am - 7:30pm|9:30am - 7:30pm|9:30am - 7:30pm|9:30am - 7:30pm|9:30am - 7:30pm|9:30am - 7:30pm|9:30am - 7:30pm
beautiful-nails-san-francisco|10:30am - 7:30pm|10:30am - 7:30pm|10:30am - 7:30pm|10:30am - 7:30pm|10:30am - 7:30pm|10:30am - 7:30pm|CLOSED
belli-capelli-aromatherapy-salon-and-day-spa-san-francisco|CLOSED|10:00am - 7:00pm|10:00am - 8:00pm|10:00am - 8:00pm|10:00am - 8:00pm|9:00am - 5:00pm|CLOSED
hokus-pokus-salon-san-francisco|Unknown|Unknown|Unknown|Unknown|Unknown|Unknown|Unknown
forever-nails-by-kim-san-francisco|9:00am - 7:00pm|9:00am - 7:00pm|9:00am - 7:00pm|9:00am - 7:00pm|9:00am - 7:00pm|9:00am - 7:00pm|CLOSED
lian-nails-san-francisco|9:30am - 7:30pm|9:30am - 7:30pm|9:30am - 7:30pm|9:30am - 7:30pm|9:30am - 7:30pm|10:00am - 7:00pm|10:00am - 7:00pm
nail-care-for-you-san-francisco|10:00am - 7:00pm|10:00am - 7:00pm|10:00am - 7:00pm|10:00am - 7:00pm|10:00am - 7:00pm|9:30am - 7:00pm|10:00am - 7:00pm
thi-spa-and-nails-san-francisco|9:30am - 7:30pm|9:30am - 7:30pm|9:30am - 7:30pm|9:30am - 7:30pm|9:30am - 7:30pm|9:30am - 7:30pm|10:00am - 6:30pm
lilyans-beauty-salon-san-francisco|10:00am - 6:00pm|10:00am - 6:00pm|10:00am - 6:00pm|10:00am - 6:00pm|10:00am - 6:00pm|9:00am - 6:00pm|CLOSED
bayview-nail-care-san-francisco|9:30am - 7:00pm|9:30am - 7:00pm|9:30am - 7:00pm|9:30am - 7:00pm|9:30am - 7:00pm|9:30am - 7:00pm|10:00am - 6:30pm
center-nails-san-francisco|9:30am - 7:30pm|9:30am - 7:30pm|9:30am - 7:30pm|9:30am - 7:30pm|9:30am - 7:30pm|9:30am - 7:30pm|10:00am - 7:00pm
rendez-vous-nails-san-francisco|9:30am - 7:30pm|9:30am - 7:30pm|9:30am - 7:30pm|9:30am - 7:30pm|9:30am - 7:30pm|9:30am - 7:30pm|9:30am - 7:30pm
nail-arts-san-francisco|9:30am - 7:30pm|CLOSED|9:30am - 7:30pm|9:30am - 7:30pm|9:30am - 7:30pm|9:30am - 7:30pm|9:30am - 7:30pm
nora-spa-and-salon-san-francisco|10:00am - 7:30pm|10:00am - 7:30pm|10:00am - 7:30pm|10:00am - 7:30pm|10:00am - 7:30pm|9:30am - 7:30pm|10:00am - 7:00pm
marina-nails-san-francisco|10:00am - 7:30pm|10:00am - 7:30pm|10:00am - 7:30pm|10:00am - 7:30pm|10:00am - 7:30pm|9:00am - 7:00pm|10:00am - 7:00pm
super-nails-and-spa-san-francisco|10:00am - 9:00pm|10:00am - 9:00pm|10:00am - 9:00pm|10:00am - 9:00pm|10:00am - 9:00pm|10:00am - 9:00pm|12:00pm - 6:00pm
l-p-nail-care-san-francisco|9:00am - 7:00pm|9:00am - 7:00pm|9:00am - 7:00pm|9:00am - 7:00pm|9:00am - 7:00pm|9:00am - 7:00pm|9:00am - 7:00pm
synergy-salon-san-francisco|10:00am - 7:30pm|10:00am - 7:30pm|10:00am - 7:30pm|10:00am - 7:30pm|10:00am - 7:30pm|9:00am - 7:30pm|CLOSED
ai-rose-spa-san-francisco|11:00am - 10:00pm|11:00am - 10:00pm|11:00am - 10:00pm|11:00am - 10:00pm|11:00am - 10:00pm|11:00am - 10:00pm|11:00am - 10:00pm
v-nail-spa-san-francisco|9:30am - 7:30pm|9:30am - 7:30pm|9:30am - 7:30pm|9:30am - 7:30pm|9:30am - 7:30pm|9:30am - 7:30pm|10:00am - 5:30pm
castro-nail-salon-san-francisco|10:00am - 7:00pm|10:00am - 7:00pm|10:00am - 7:00pm|10:00am - 7:00pm|10:00am - 7:00pm|10:00am - 7:00pm|10:00am - 7:00pm
marinello-schools-of-beauty-san-francisco|CLOSED|10:00am - 9:00pm|10:00am - 9:00pm|10:00am - 9:00pm|10:00am - 9:00pm|8:30am - 5:00pm|CLOSED
simply-unique-nails-san-francisco|10:00am - 8:00pm|10:00am - 8:00pm|10:00am - 8:00pm|10:00am - 8:00pm|10:00am - 8:00pm|10:00am - 7:00pm|11:00am - 6:30pm
mak-and-co-san-francisco|9:00am - 7:00pm|9:00am - 7:00pm|9:00am - 7:00pm|9:00am - 7:00pm|9:00am - 7:00pm|CLOSED|CLOSED
beach-beauty-salon-san-francisco|9:30am - 7:30pm|9:30am - 7:30pm|9:30am - 7:30pm|9:30am - 7:30pm|9:30am - 7:30pm|9:30am - 7:30pm|9:30am - 7:30pm
rainbow-nail-spa-san-francisco-2|10:00am - 7:00pm|10:00am - 7:00pm|10:00am - 7:00pm|10:00am - 7:00pm|10:00am - 7:00pm|10:00am - 7:00pm|10:00am - 7:00pm
its-all-about-you-salon-san-francisco|10:00am - 7:00pm|10:00am - 7:00pm|10:00am - 7:00pm|10:00am - 7:00pm|10:00am - 7:00pm|10:00am - 7:00pm|10:00am - 7:00pm
face-it-salon-and-spa-san-francisco|11:00am - 8:00pm|CLOSED|11:00am - 8:00pm|11:00am - 8:00pm|11:00am - 8:00pm|10:00am - 7:00pm|11:00am - 7:00pm
american-pro-nails-san-francisco|9:30am - 7:00pm|9:30am - 7:00pm|9:30am - 7:00pm|9:30am - 7:00pm|9:30am - 7:00pm|9:30am - 7:00pm|CLOSED
creative-nail-care-san-francisco|10:00am - 7:00pm|10:00am - 7:00pm|10:00am - 7:00pm|10:00am - 7:00pm|10:00am - 7:00pm|10:00am - 7:00pm|CLOSED
four-seasons-nails-and-tanning-san-francisco|10:00am - 7:00pm|10:00am - 7:00pm|10:00am - 7:00pm|10:00am - 7:00pm|10:00am - 7:00pm|9:30am - 7:00pm|10:00am - 6:00pm
american-beauty-salon-nails-by-anna-san-francisco|9:30am - 7:00pm|9:30am - 7:00pm|9:30am - 7:00pm|9:30am - 7:00pm|9:30am - 7:00pm|9:30am - 7:00pm|9:30am - 7:00pm
chris-spa-san-francisco|9:30am - 7:00pm|9:30am - 7:00pm|9:30am - 7:00pm|9:30am - 7:00pm|9:30am - 7:00pm|9:30am - 7:00pm|CLOSED
sallys-salon-san-francisco|Unknown|Unknown|Unknown|Unknown|Unknown|Unknown|Unknown
roseate-girl-san-francisco-2|10:00am - 7:00pm|10:00am - 7:00pm|10:00am - 7:00pm|10:00am - 7:00pm|10:00am - 7:00pm|10:00am - 7:00pm|10:00am - 7:00pm
top-nails-san-francisco|Unknown|Unknown|Unknown|Unknown|Unknown|Unknown|Unknown
fancy-fingers-and-spa-san-francisco-2|10:00am - 7:30pm|10:00am - 7:30pm|10:00am - 7:30pm|10:00am - 7:30pm|10:00am - 7:30pm|10:00am - 7:30pm|CLOSED
pink-lotus-nails-san-francisco-2|CLOSED|CLOSED|10:00am - 7:00pm|10:00am - 7:00pm|10:00am - 7:00pm|10:00am - 7:00pm|10:00am - 7:00pm
nail-pretty-san-francisco|9:30am - 7:30pm|9:30am - 7:30pm|9:30am - 7:30pm|9:30am - 7:30pm|9:30am - 7:30pm|9:00am - 7:00pm|9:00am - 7:00pm
haight-street-nails-san-francisco|10:30am - 7:00pm|10:30am - 7:00pm|10:30am - 7:30pm|10:30am - 7:30pm|10:30am - 7:30pm|10:30am - 7:30pm|10:30am - 6:30pm
wendy-q-nail-salon-san-francisco|10:30am - 8:00pm|10:30am - 8:00pm|10:30am - 8:00pm|10:30am - 8:00pm|10:30am - 8:00pm|10:30am - 8:00pm|10:30am - 7:00pm
fekaso-hair-salon-san-francisco-2|Unknown|Unknown|Unknown|Unknown|Unknown|Unknown|Unknown
polished-by-svetlana-san-francisco|10:00am - 7:00pm|10:00am - 7:00pm|10:00am - 7:00pm|10:00am - 7:00pm|10:00am - 7:00pm|10:00am - 7:00pm|CLOSED
nail-fantasy-san-francisco|Unknown|Unknown|Unknown|Unknown|Unknown|Unknown|Unknown
san-francisco-beauty-lounge-san-francisco|9:00am - 8:00pm|9:00am - 8:00pm|9:00am - 8:00pm|9:00am - 8:00pm|9:00am - 8:00pm|9:00am - 8:00pm|CLOSED
mimi-hair-and-nail-design-san-francisco|10:00am - 7:00pm|10:00am - 7:00pm|10:00am - 7:00pm|10:00am - 7:00pm|10:00am - 7:00pm|10:00am - 7:00pm|CLOSED
nail-today-san-francisco-3|9:30am - 7:30pm|9:30am - 7:30pm|9:30am - 7:30pm|9:30am - 7:30pm|9:30am - 7:30pm|CLOSED|CLOSED
labelle-day-spas-and-salons-san-francisco|10:00am - 5:00pm|10:00am - 5:00pm|10:00am - 7:00pm|9:00am - 7:00pm|9:00am - 7:00pm|9:00am - 6:00pm|10:00am - 6:00pm
helens-nails-san-francisco|CLOSED|10:00am - 7:00pm|10:00am - 7:00pm|10:00am - 7:00pm|10:00am - 7:00pm|10:00am - 7:00pm|CLOSED
california-salon-san-francisco|9:30am - 7:30pm|9:30am - 7:30pm|9:30am - 7:30pm|9:30am - 7:30pm|9:30am - 7:30pm|9:30am - 7:30pm|10:00am - 7:30pm
sydney-nails-san-francisco|Unknown|Unknown|Unknown|Unknown|Unknown|Unknown|Unknown
cortland-nails-salon-san-francisco|9:00am - 7:30pm|9:00am - 7:30pm|9:00am - 7:30pm|9:00am - 7:30pm|9:00am - 7:30pm|9:00am - 7:30pm|10:00am - 7:00pm
sidney-nails-san-francisco|Unknown|Unknown|Unknown|Unknown|Unknown|Unknown|Unknown
v-w-nail-care-san-francisco|9:30am - 7:30pm|9:30am - 7:30pm|9:30am - 7:30pm|9:30am - 7:30pm|9:30am - 7:30pm|9:30am - 7:30pm|10:00am - 7:00pm
magic-nails-san-francisco|10:00am - 7:00pm|10:00am - 7:00pm|10:00am - 7:00pm|10:00am - 7:00pm|10:00am - 7:00pm|10:00am - 7:00pm|10:00am - 7:00pm
yaquesitas-nails-studio-san-francisco|10:00am - 7:00pm|10:00am - 7:00pm|10:00am - 7:00pm|10:00am - 7:00pm|10:00am - 7:00pm|10:00am - 7:00pm|CLOSED
mizu-spa-san-francisco|CLOSED|11:00am - 7:00pm|11:00am - 7:00pm|11:00am - 7:00pm|10:00am - 8:00pm|10:00am - 8:00pm|10:00am - 6:00pm
xtd-salon-and-spa-san-francisco|9:30am - 7:00pm|9:30am - 7:00pm|9:30am - 7:00pm|9:30am - 7:00pm|9:30am - 7:00pm|9:30am - 7:00pm|9:30am - 7:00pm
salon-815-san-francisco|9:00am - 7:00pm|9:00am - 7:00pm|9:00am - 7:00pm|9:00am - 7:00pm|9:00am - 7:00pm|10:00am - 7:00pm|10:00am - 7:00pm
salon-dna-san-francisco-4|CLOSED|9:00am - 7:00pm|9:00am - 7:00pm|9:00am - 7:00pm|9:00am - 7:00pm|9:00am - 7:00pm|CLOSED
nailtastic-san-francisco-3|CLOSED|11:00am - 7:00pm|11:00am - 7:00pm|11:00am - 7:00pm|11:00am - 7:00pm|10:00am - 6:00pm|10:00am - 6:00pm
queen-bee-nail-salon-san-francisco|10:00am - 7:00pm|10:00am - 7:00pm|10:00am - 7:00pm|10:00am - 7:00pm|10:00am - 7:00pm|10:00am - 7:00pm|10:00am - 7:00pm
leslies-nails-2-san-francisco|9:30am - 7:00pm|9:30am - 7:00pm|9:30am - 7:00pm|9:30am - 7:00pm|9:30am - 7:00pm|9:30am - 7:00pm|CLOSED
urban-beauty-spa-san-francisco|9:30am - 6:30pm|9:30am - 6:30pm|9:30am - 6:30pm|9:30am - 6:30pm|9:30am - 6:30pm|10:00am - 3:00pm|CLOSED
lady-gold-fingers-san-francisco-2|10:00am - 7:00pm|10:00am - 7:00pm|10:00am - 7:00pm|10:00am - 7:00pm|10:00am - 7:00pm|10:00am - 7:00pm|10:00am - 7:00pm
cindy-pro-nails-san-francisco|9:30am - 7:00pm|9:30am - 7:00pm|9:30am - 7:00pm|9:30am - 7:00pm|9:30am - 7:00pm|9:30am - 7:00pm|10:00am - 6:00pm
sloane-square-beauty-salon-san-francisco-2|9:30am - 6:30pm|9:30am - 6:30pm|9:30am - 6:30pm|9:30am - 6:30pm|9:30am - 6:30pm|9:30am - 6:30pm|10:00am - 6:00pm
london-lass-beauty-salon-san-francisco|Unknown|Unknown|Unknown|Unknown|Unknown|Unknown|Unknown
first-nails-san-francisco|Unknown|Unknown|Unknown|Unknown|Unknown|Unknown|Unknown
crystal-nail-spa-san-francisco|10:00am - 7:00pm|10:00am - 7:00pm|10:00am - 7:00pm|10:00am - 7:00pm|10:00am - 7:00pm|10:00am - 7:00pm|CLOSED
lotus-foot-care-at-home-san-francisco|9:00am - 5:00pm|9:00am - 5:00pm|9:00am - 5:00pm|9:00am - 5:00pm|9:00am - 5:00pm|9:00am - 5:00pm|CLOSED
harmony-nail-salon-san-francisco-4|10:00am - 7:30pm|10:00am - 7:30pm|10:00am - 7:30pm|10:00am - 7:30pm|10:00am - 7:30pm|10:00am - 7:30pm|10:00am - 7:30pm
sunflowers-nails-san-francisco-2|12:00pm - 7:00pm|10:00am - 7:00pm|10:00am - 7:00pm|10:00am - 7:00pm|10:00am - 7:00pm|10:00am - 7:00pm|10:00am - 6:00pm
yvonne-nails-san-francisco|CLOSED|9:00am - 7:00pm|9:00am - 7:00pm|9:00am - 7:00pm|9:00am - 7:00pm|9:00am - 7:00pm|CLOSED
lisas-beauty-salon-san-francisco-2|CLOSED|10:00am - 7:00pm|10:00am - 7:00pm|10:00am - 7:00pm|10:00am - 7:00pm|10:00am - 7:00pm|10:00am - 7:00pm
hong-kong-hair-nail-beauty-salon-san-francisco|10:00am - 7:00pm|10:00am - 7:00pm|10:00am - 7:00pm|10:00am - 7:00pm|10:00am - 7:00pm|10:00am - 7:00pm|10:00am - 7:00pm
nevas-beauty-san-francisco|10:00am - 7:00pm|10:00am - 7:00pm|10:00am - 7:00pm|10:00am - 7:00pm|10:00am - 7:00pm|10:00am - 7:00pm|10:00am - 6:00pm
star-lynn-beauty-lounge-san-francisco|10:00am - 8:00pm|10:00am - 8:00pm|10:00am - 8:00pm|10:00am - 8:00pm|10:00am - 8:00pm|10:00am - 8:00pm|10:00am - 8:00pm
union-nails-san-francisco-2|9:00am - 8:00pm|9:00am - 8:00pm|9:00am - 8:00pm|9:00am - 8:00pm|9:00am - 8:00pm|9:00am - 8:00pm|9:00am - 8:00pm
tiptoes-san-francisco|10:30am - 7:00pm|10:00am - 7:00pm|10:00am - 7:00pm|10:00am - 7:00pm|10:00am - 7:00pm|10:00am - 7:00pm|10:00am - 6:30pm
renaissance-skin-care-san-francisco|9:00am - 6:00pm|9:00am - 6:00pm|9:00am - 6:00pm|9:00am - 6:00pm|9:00am - 6:00pm|CLOSED|CLOSED
alifa-wong-beauty-and-bridal-san-francisco|CLOSED|11am - 7pm|11am - 7pm|11am - 7pm|11am - 7pm|11am - 7pm|CLOSED
sallys-nail-spa-san-francisco-2|11:00am - 7:00pm|11:00am - 7:00pm|11:00am - 7:00pm|9:30am - 7:00pm|9:30am - 7:00pm|9:30am - 7:00pm|10:00am - 6:00pm
jolie-elegant-spa-san-francisco|9:30am - 7:30pm|9:30am - 7:30pm|9:30am - 7:30pm|9:30am - 7:30pm|9:30am - 7:30pm|9:30am - 7:30pm|10:00am - 6:30pm
sydney-nail-spa-san-francisco|10:00am - 7:30pm|10:00am - 7:30pm|10:00am - 7:30pm|10:00am - 7:30pm|10:00am - 7:30pm|9:30am - 7:00pm|9:30am - 7:00pm
miracle-spa-san-francisco|9:30am - 7:30pm|9:30am - 7:30pm|9:30am - 7:30pm|9:30am - 7:30pm|9:30am - 7:30pm|9:30am - 7:30pm|10:00am - 6:00pm
lux-salon-san-francisco|9:30am - 7:30pm|9:30am - 7:30pm|9:30am - 7:30pm|9:30am - 7:30pm|9:30am - 7:30pm|9:30am - 7:30pm|10:00am - 7:00pm
nails-by-nancy-san-francisco|10:00am - 7:00pm|10:00am - 7:00pm|10:00am - 7:00pm|10:00am - 7:00pm|10:00am - 7:00pm|10:00am - 7:00pm|10:00am - 5:00pm
carlton-hair-san-francisco|10:00am - 8:30pm|10:00am - 8:30pm|10:00am - 8:30pm|10:00am - 8:30pm|10:00am - 8:30pm|10:00am - 8:30pm|11:00am - 7:00pm
juicy-nails-san-francisco|CLOSED|11:00am - 7:00pm|11:00am - 7:00pm|11:00am - 7:30pm|11:00am - 7:30pm|10:00am - 7:00pm|11:00am - 6:00pm
q-lotus-salon-san-francisco|9:30am - 5:30pm|9:30am - 5:30pm|9:30am - 5:30pm|9:30am - 5:30pm|9:30am - 5:30pm|9:30am - 5:00pm|9:30am - 5:00pm
pampered-hands-salon-san-francisco|9:00am - 7:00pm|9:00am - 7:00pm|9:00am - 7:00pm|9:00am - 7:00pm|9:00am - 7:00pm|10:00am - 5:00pm|CLOSED
white-butterfly-nail-and-spa-san-francisco|10:00am - 7:00pm|CLOSED|10:00am - 7:00pm|10:00am - 7:00pm|10:00am - 8:00pm|10:00am - 8:00pm|10:00am - 7:00pm
julies-beauty-salon-san-francisco|10:30am - 7:00pm|10:30am - 7:00pm|10:30am - 7:00pm|10:30am - 7:00pm|10:30am - 7:00pm|10:30am - 7:00pm|10:30am - 7:00pm
nails-for-you-san-francisco|10:00am - 7:00pm|10:00am - 7:00pm|10:00am - 7:00pm|10:00am - 7:00pm|10:00am - 7:00pm|10:00am - 5:00pm|CLOSED
pretty-nails-san-francisco|CLOSED|10:00am - 7:00pm|10:00am - 7:00pm|10:00am - 7:00pm|10:00am - 7:00pm|10:00am - 7:00pm|10:00am - 7:00pm
yzinn-nail-club-san-francisco-3|10:00am - 7:00pm|10:00am - 7:00pm|10:00am - 7:00pm|10:00am - 7:00pm|10:00am - 7:00pm|10:00am - 7:00pm|10:00am - 6:00pm
cole-valley-salon-san-francisco|9:30am - 7:00pm|9:30am - 7:00pm|9:30am - 7:00pm|9:30am - 7:00pm|9:30am - 7:00pm|9:30am - 7:30pm|10:00am - 6:30pm
cindy-nail-salon-san-francisco|CLOSED|9:00am - 5:30pm|9:00am - 5:30pm|9:00am - 5:30pm|9:00am - 5:30pm|9:00am - 5:30pm|CLOSED
momo-nails-salon-san-francisco|9:00am - 7:30pm|9:00am - 7:30pm|9:00am - 7:30pm|9:00am - 7:30pm|9:00am - 7:30pm|9:00am - 7:30pm|9:30am - 7:30pm
minami-beauty-salon-san-francisco|9:30am - 7:30pm|9:30am - 7:30pm|9:30am - 7:30pm|9:30am - 7:30pm|9:30am - 7:30pm|9:30am - 7:30pm|9:30am - 7:30pm
uranias-hand-and-foot-essentials-san-francisco|Unknown|Unknown|Unknown|Unknown|Unknown|Unknown|Unknown
melon-nail-bar-san-francisco|10:00am - 8:30pm|10:00am - 8:30pm|10:00am - 8:30pm|10:00am - 8:30pm|10:00am - 8:30pm|10:00am - 8:30pm|11:00am - 7:00pm
sandy-nails-san-francisco|9:00am - 7:30pm|9:00am - 7:30pm|9:00am - 7:30pm|9:00am - 7:30pm|9:00am - 7:30pm|9:00am - 7:30pm|10:00am - 7:00pm
donnas-nails-san-francisco|Unknown|Unknown|Unknown|Unknown|Unknown|Unknown|Unknown
la-bella-full-service-salon-san-francisco|Unknown|Unknown|Unknown|Unknown|Unknown|Unknown|Unknown
finest-nails-ii-san-francisco|10:00am - 7:00pm|10:00am - 7:00pm|10:00am - 7:00pm|10:00am - 7:00pm|10:00am - 7:00pm|10:00am - 7:00pm|CLOSED
la-belle-nail-spa-san-francisco|10:00am - 7:30pm|CLOSED|10:00am - 7:30pm|10:00am - 7:30pm|10:00am - 7:30pm|10:00am - 7:30pm|10:00am - 7:30pm
blend-salon-san-francisco|CLOSED|9:30am - 7:30pm|9:30am - 7:30pm|9:30am - 7:30pm|9:30am - 7:30pm|9:00am - 7:30pm|CLOSED
sally-nail-spa-san-francisco|9:30am - 7:00pm|9:30am - 7:00pm|9:30am - 7:00pm|9:30am - 8:30pm|9:30am - 7:00pm|9:30am - 7:00pm|10:00am - 6:00pm
lee-nail-care-san-francisco|9:00am - 7:00pm|9:00am - 7:00pm|9:00am - 7:00pm|9:00am - 7:00pm|9:00am - 7:00pm|9:00am - 7:00pm|CLOSED
salon-828-san-francisco|CLOSED|10:00am - 6:00pm|10:00am - 6:00pm|10:00am - 6:00pm|10:00am - 6:00pm|10:00am - 6:00pm|10:00am - 6:00pm
mimi-salon-san-francisco|10:00am - 7:00pm|10:00am - 7:00pm|10:00am - 7:00pm|10:00am - 7:00pm|10:00am - 7:00pm|10:00am - 7:00pm|10:00am - 7:00pm
tip-top-nails-san-francisco|9:30am - 7:30pm|9:30am - 7:30pm|9:30am - 7:30pm|9:30am - 7:30pm|9:30am - 7:30pm|9:00am - 7:00pm|10:00am - 7:00pm
star-nails-san-francisco|9:30am - 7:00pm|9:30am - 7:00pm|9:30am - 7:00pm|9:30am - 7:00pm|9:30am - 7:00pm|9:30am - 7:00pm|CLOSED
five-star-nails-and-spa-san-francisco|9:00am - 8:00pm|9:00am - 8:00pm|9:00am - 8:00pm|9:00am - 8:00pm|9:00am - 8:00pm|9:00am - 7:00pm|10:00am - 7:00pm
rubis-nails-san-francisco|10:00am - 7:00pm|10:00am - 7:00pm|10:00am - 7:00pm|10:00am - 7:00pm|10:00am - 7:00pm|10:00am - 7:00pm|10:00am - 7:00pm
opal-nail-spa-san-francisco-2|Unknown|Unknown|Unknown|Unknown|Unknown|Unknown|Unknown
top-ten-nails-san-francisco|10:00am - 7:00pm|10:00am - 7:00pm|10:00am - 7:00pm|10:00am - 7:00pm|10:00am - 7:00pm|10:00am - 7:00pm|CLOSED
nails-n-beauty-san-francisco|10:00am - 8:00pm|10:00am - 8:00pm|9:30am - 8:00pm|9:30am - 8:00pm|9:30am - 8:00pm|9:00am - 8:00pm|10:00am - 7:30pm
teresita-nail-spa-san-francisco|10:00am - 7:30pm|10:00am - 7:30pm|10:00am - 7:30pm|10:00am - 7:30pm|10:00am - 7:30pm|10:00am - 7:30pm|10:00am - 7:30pm
relax-nails-san-francisco|10:00am - 7:30pm|10:00am - 7:30pm|10:00am - 7:30pm|10:00am - 7:30pm|10:00am - 7:30pm|10:00am - 7:30pm|10:00am - 7:00pm
bernal-heights-nails-care-san-francisco|9:00am - 7:30pm|9:00am - 7:30pm|9:00am - 7:30pm|9:00am - 7:30pm|9:00am - 7:30pm|9:00am - 7:30pm|10:00am - 7:00pm
hi-tech-nails-san-francisco|9:00am - 7:00pm|9:00am - 7:00pm|9:00am - 7:00pm|9:00am - 7:00pm|9:00am - 7:00pm|9:00am - 7:00pm|10:00am - 6:00pm
one-stop-beauty-supply-and-salon-san-francisco-2|9:30am - 7:30pm|9:30am - 7:30pm|9:30am - 7:30pm|9:30am - 7:30pm|9:30am - 7:30pm|9:30am - 7:30pm|9:30am - 7:30pm
merry-manicures-san-francisco|10:00am - 8:00pm|10:00am - 8:00pm|10:00am - 8:00pm|10:00am - 8:00pm|10:00am - 8:00pm|10:00am - 8:00pm|10:00am - 8:00pm
four-seasons-nails-and-spa-san-francisco-2|9:30am - 7:30pm|9:30am - 7:30pm|9:30am - 7:30pm|9:30am - 7:30pm|9:30am - 7:30pm|9:30am - 7:30pm|9:30am - 6:30pm
san-zen-nails-san-francisco|10:00am - 7:30pm|10:00am - 7:30pm|10:00am - 7:30pm|10:00am - 7:30pm|10:00am - 7:30pm|10:00am - 7:30pm|10:00am - 7:30pm
dolci-beauty-lounge-san-francisco-2|10:00am - 7:00pm|CLOSED|10:00am - 7:00pm|10:00am - 7:00pm|10:00am - 7:00pm|10:00am - 7:00pm|10:00am - 7:00pm
sparkle-san-francisco-san-francisco-3|CLOSED|11:00am - 7:00pm|11:00am - 7:00pm|11:00am - 7:00pm|11:00am - 7:00pm|11:00am - 7:00pm|CLOSED
milk-san-francisco-2|10:00am - 7:30pm|10:00am - 7:30pm|10:00am - 7:30pm|10:00am - 7:30pm|10:00am - 7:30pm|10:00am - 7:30pm|10:00am - 7:30pm
elizabeth-hair-studio-san-francisco-3|9:30am - 7:00pm|9:30am - 7:00pm|9:30am - 7:00pm|9:30am - 7:00pm|9:30am - 7:00pm|9:30am - 7:00pm|9:30am - 7:00pm
sunset-beauty-care-san-francisco|9:30am - 7:00pm|9:30am - 7:00pm|9:30am - 7:00pm|9:30am - 7:00pm|9:30am - 7:00pm|9:30am - 6:00pm|CLOSED
new-york-hair-and-nail-san-francisco|10:00am - 7:00pm|10:00am - 7:00pm|10:00am - 7:00pm|10:00am - 7:00pm|10:00am - 7:00pm|10:00am - 7:00pm|10:00am - 6:00pm
nob-hill-spa-san-francisco|7:30am - 9:00pm|7:30am - 9:00pm|7:30am - 9:00pm|7:30am - 9:00pm|7:30am - 9:00pm|7:30am - 9:00pm|7:30am - 9:00pm
manicure-and-pedicure-by-nancy-san-francisco|Unknown|Unknown|Unknown|Unknown|Unknown|Unknown|Unknown
prim-salon-san-francisco|10:00am - 7:00pm|10:00am - 7:00pm|10:00am - 7:00pm|10:00am - 7:00pm|10:00am - 7:00pm|10:00am - 7:00pm|10:00am - 7:00pm
sutter-nails-san-francisco|9:30am - 7:30pm|9:30am - 7:30pm|9:30am - 7:30pm|9:30am - 7:30pm|9:30am - 7:30pm|9:30am - 7:30pm|9:30am - 7:00pm
nice-studio-san-francisco|10:00am - 7:00pm|10:00am - 7:00pm|10:00am - 7:00pm|10:00am - 7:00pm|10:00am - 7:00pm|10:00am - 7:00pm|10:00am - 7:00pm
hand-touch-nails-care-san-francisco|9:30am - 7:30pm|9:30am - 7:30pm|9:30am - 7:30pm|9:30am - 7:30pm|9:30am - 7:30pm|9:30am - 7:30pm|10:00am - 7:30pm
the-tidy-shoppe-san-francisco-2|12:00pm - 8:00pm|12:00pm - 8:00pm|12:00pm - 8:00pm|12:00pm - 8:00pm|12:00pm - 8:00pm|11:00am - 5:00pm|10:00am - 5:00pm
lucky-nails-san-francisco-4|9:00am - 7:00pm|9:00am - 7:00pm|9:00am - 7:00pm|9:00am - 7:00pm|9:00am - 7:00pm|9:00am - 5:00pm|CLOSED
silky-touch-nail-salon-san-francisco|10:00am - 8:00pm|10:00am - 8:00pm|10:00am - 8:00pm|10:00am - 8:00pm|10:00am - 8:00pm|10:00am - 8:00pm|10:00am - 8:00pm
cinta-aveda-institute-san-francisco|9:00am - 8:00pm|9:00am - 8:00pm|9:00am - 8:00pm|9:00am - 8:00pm|9:00am - 8:00pm|8:30am - 7:30pm|CLOSED
mani-pedi-by-sandra-san-francisco-2|CLOSED|10:00am - 7:00pm|10:00am - 7:00pm|10:00am - 7:00pm|10:00am - 7:00pm|10:00am - 7:00pm|10:00am - 6:00pm
zen-beauty-spa-san-francisco|9:00am - 7:00pm|9:00am - 7:00pm|9:00am - 7:00pm|9:00am - 7:00pm|9:00am - 7:00pm|9:00am - 7:00pm|9:00am - 7:00pm
lv-nail-spa-san-francisco-2|10:00am - 7:30pm|10:00am - 7:30pm|10:00am - 7:30pm|10:00am - 7:30pm|10:00am - 7:30pm|10:00am - 7:30pm|10:00am - 7:30pm
topcoat-nail-studio-san-francisco-2|CLOSED|CLOSED|11:00am - 7:00pm|11:00am - 7:00pm|11:00am - 7:00pm|CLOSED|CLOSED
minna-nails-san-francisco-3|9:30am - 7:30pm|9:30am - 7:30pm|9:30am - 7:30pm|9:30am - 7:30pm|9:30am - 7:30pm|9:30am - 7:30pm|10:00am - 7:00pm
queens-nail-san-francisco|10:00am - 7:00pm|10:00am - 7:00pm|10:00am - 7:00pm|10:00am - 7:00pm|10:00am - 7:00pm|10:00am - 7:00pm|CLOSED
nails-by-lavinia-san-francisco|Unknown|Unknown|Unknown|Unknown|Unknown|Unknown|Unknown
michelle-nails-no-2-san-francisco|Unknown|Unknown|Unknown|Unknown|Unknown|Unknown|Unknown
good-looks-salon-san-francisco|9:30am - 7:00pm|9:30am - 7:00pm|9:30am - 7:00pm|9:30am - 7:00pm|9:30am - 7:00pm|CLOSED|CLOSED
tena-pro-nails-san-francisco|9:30am - 7:00pm|9:30am - 7:00pm|9:30am - 7:00pm|9:30am - 7:00pm|9:30am - 7:00pm|9:30am - 7:00pm|10:00am - 6:00pm
hair-help-salon-san-francisco-2|Unknown|Unknown|Unknown|Unknown|Unknown|Unknown|Unknown
jt-nails-san-francisco|Unknown|Unknown|Unknown|Unknown|Unknown|Unknown|Unknown
ck-hair-design-san-francisco|9:30am - 7:30pm|9:30am - 7:30pm|9:30am - 7:30pm|9:30am - 7:30pm|9:30am - 7:30pm|9:30am - 7:30pm|9:30am - 6:30pm
mahogany-house-of-styles-san-francisco-2|CLOSED|8:00am - 8:00pm|8:00am - 8:00pm|8:00am - 8:00pm|8:00am - 8:00pm|8:00am - 8:00pm|CLOSED
cute-t-nails-san-francisco|11:00am - 7:00pm|CLOSED|9:30am - 7:00pm|9:30am - 7:00pm|9:30am - 7:00pm|9:30am - 7:00pm|CLOSED
